user_name,passwd,real_name,token
IDO10001,passwd_IDO10001,老徐10001,1491|--3jVx9qk9B2DgJn6R22JQ|RpwjXtAE5uNXGa-BHs6y1X-cKtWNLu21MMuIj0sk527DWs8_8n5oIy54JFY-Nz8S_1t5axMT4HDpd_EXnRt53w
IDO10002,passwd_IDO10002,老徐10002,1491|--54Bnaf2aQp_07K0yGPtA|yHq_sjFTbNHcQHLQOZkxY8FHbuYvy6X5kw3wDvGkqDfqIbLmVMuIsRGSHbJiXeQV8hr11qZWuQjUijfS32-_1A
IDO10003,passwd_IDO10003,老徐10003,1491|--0XSrVXw1RqLT2HrJhFZw|f3PuUVYUO8A-S50PLbc1ms68r20LaPKfbjz_OEvARaHnmNJJwNQRwp92nIFjn93T-jtO2RD-t-xw9-f5Y2IWIw
IDO10004,passwd_IDO10004,老徐10004,1491|--8WksuvOFDS8q99uW8oHQ|iHAqgMH8L3U3ojR0F-Ya7l-JLeSBNOS4DqvwjTaKvbf420SlGzQaX8zNl3ZcC5wGUlYbNcCrA98zM6vSrbdX_A
IDO10005,passwd_IDO10005,老徐10005,1491|--3jVx9qk9B2DgJn6R22JQ|RpwjXtAE5uNXGa-BHs6y1X-cKtWNLu21MMuIj0sk527DWs8_8n5oIy54JFY-Nz8S_1t5axMT4HDpd_EXnRt53w
IDO10006,passwd_IDO10006,老徐10006,1491|--54Bnaf2aQp_07K0yGPtA|yHq_sjFTbNHcQHLQOZkxY8FHbuYvy6X5kw3wDvGkqDfqIbLmVMuIsRGSHbJiXeQV8hr11qZWuQjUijfS32-_1A
IDO10007,passwd_IDO10007,老徐10007,1491|--0XSrVXw1RqLT2HrJhFZw|f3PuUVYUO8A-S50PLbc1ms68r20LaPKfbjz_OEvARaHnmNJJwNQRwp92nIFjn93T-jtO2RD-t-xw9-f5Y2IWIw
IDO10008,passwd_IDO10008,老徐10008,1491|--8WksuvOFDS8q99uW8oHQ|iHAqgMH8L3U3ojR0F-Ya7l-JLeSBNOS4DqvwjTaKvbf420SlGzQaX8zNl3ZcC5wGUlYbNcCrA98zM6vSrbdX_A
IDO10009,passwd_IDO10009,老徐10009,1491|--3jVx9qk9B2DgJn6R22JQ|RpwjXtAE5uNXGa-BHs6y1X-cKtWNLu21MMuIj0sk527DWs8_8n5oIy54JFY-Nz8S_1t5axMT4HDpd_EXnRt53w
IDO10010,passwd_IDO10010,老徐10010,1491|--54Bnaf2aQp_07K0yGPtA|yHq_sjFTbNHcQHLQOZkxY8FHbuYvy6X5kw3wDvGkqDfqIbLmVMuIsRGSHbJiXeQV8hr11qZWuQjUijfS32-_1A
IDO10011,passwd_IDO10011,老徐10011,1491|--0XSrVXw1RqLT2HrJhFZw|f3PuUVYUO8A-S50PLbc1ms68r20LaPKfbjz_OEvARaHnmNJJwNQRwp92nIFjn93T-jtO2RD-t-xw9-f5Y2IWIw
IDO10012,passwd_IDO10012,老徐10012,1491|--8WksuvOFDS8q99uW8oHQ|iHAqgMH8L3U3ojR0F-Ya7l-JLeSBNOS4DqvwjTaKvbf420SlGzQaX8zNl3ZcC5wGUlYbNcCrA98zM6vSrbdX_A
IDO10013,passwd_IDO10013,老徐10013,1491|--3jVx9qk9B2DgJn6R22JQ|RpwjXtAE5uNXGa-BHs6y1X-cKtWNLu21MMuIj0sk527DWs8_8n5oIy54JFY-Nz8S_1t5axMT4HDpd_EXnRt53w
IDO10014,passwd_IDO10014,老徐10014,1491|--54Bnaf2aQp_07K0yGPtA|yHq_sjFTbNHcQHLQOZkxY8FHbuYvy6X5kw3wDvGkqDfqIbLmVMuIsRGSHbJiXeQV8hr11qZWuQjUijfS32-_1A
IDO10015,passwd_IDO10015,老徐10015,1491|--0XSrVXw1RqLT2HrJhFZw|f3PuUVYUO8A-S50PLbc1ms68r20LaPKfbjz_OEvARaHnmNJJwNQRwp92nIFjn93T-jtO2RD-t-xw9-f5Y2IWIw
IDO10016,passwd_IDO10016,老徐10016,1491|--8WksuvOFDS8q99uW8oHQ|iHAqgMH8L3U3ojR0F-Ya7l-JLeSBNOS4DqvwjTaKvbf420SlGzQaX8zNl3ZcC5wGUlYbNcCrA98zM6vSrbdX_A
IDO10017,passwd_IDO10017,老徐10017,1491|--3jVx9qk9B2DgJn6R22JQ|RpwjXtAE5uNXGa-BHs6y1X-cKtWNLu21MMuIj0sk527DWs8_8n5oIy54JFY-Nz8S_1t5axMT4HDpd_EXnRt53w
IDO10018,passwd_IDO10018,老徐10018,1491|--54Bnaf2aQp_07K0yGPtA|yHq_sjFTbNHcQHLQOZkxY8FHbuYvy6X5kw3wDvGkqDfqIbLmVMuIsRGSHbJiXeQV8hr11qZWuQjUijfS32-_1A
IDO10019,passwd_IDO10019,老徐10019,1491|--0XSrVXw1RqLT2HrJhFZw|f3PuUVYUO8A-S50PLbc1ms68r20LaPKfbjz_OEvARaHnmNJJwNQRwp92nIFjn93T-jtO2RD-t-xw9-f5Y2IWIw
IDO10020,passwd_IDO10020,老徐10020,1491|--8WksuvOFDS8q99uW8oHQ|iHAqgMH8L3U3ojR0F-Ya7l-JLeSBNOS4DqvwjTaKvbf420SlGzQaX8zNl3ZcC5wGUlYbNcCrA98zM6vSrbdX_A
